{"cameraMode":{"drawMode":0,"name":"Shaded","section":"Shading Mode"},"sceneLighting":false,"audioPlay":false,"sceneViewState":{"m_AlwaysRefresh":true,"showFog":true,"showSkybox":false,"showFlares":true,"showImageEffects":true,"showParticleSystems":true,"showVisualEffectGraphs":true,"m_FxEnabled":false},"in2DMode":false,"pivot":{"x":3.1700000762939455,"y":-3.6500000953674318,"z":-1.9500000476837159},"rotation":{"x":0.24983124434947968,"y":-0.43181246519088747,"z":0.12580738961696626,"w":0.857502281665802},"size":2.2441213130950929,"orthographic":false}