{"cameraMode":{"drawMode":0,"name":"Shaded","section":"Shading Mode"},"sceneLighting":true,"audioPlay":false,"sceneViewState":{"m_AlwaysRefresh":true,"showFog":true,"showSkybox":true,"showFlares":true,"showImageEffects":true,"showParticleSystems":true,"showVisualEffectGraphs":true,"m_FxEnabled":false},"in2DMode":false,"pivot":{"x":5.013820648193359,"y":7.039358139038086,"z":-16.9555721282959},"rotation":{"x":0.36850300431251528,"y":-0.0013937936164438725,"z":0.0005527106113731861,"w":0.9296281933784485},"size":9.064956665039063,"orthographic":false}