{"cameraMode":{"drawMode":0,"name":"Shaded","section":"Shading Mode"},"sceneLighting":true,"audioPlay":false,"sceneViewState":{"m_AlwaysRefresh":true,"showFog":true,"showSkybox":true,"showFlares":true,"showImageEffects":true,"showParticleSystems":true,"showVisualEffectGraphs":true,"m_FxEnabled":false},"in2DMode":false,"pivot":{"x":7.110289096832275,"y":1.3109941482543946,"z":-5.474689483642578},"rotation":{"x":0.24292053282260896,"y":-0.013094575144350529,"z":0.003279765136539936,"w":0.9699544906616211},"size":11.047576904296875,"orthographic":false}